id,group,first_name,last_name,email,join_date
1,Item 2,Alexandra Lyndon,Wait McClintock,wmcclintock0@yandex.ru,4/4/2026
2,Item 2,Chris Waterland,Spense Kilgallon,skilgallon1@yellowpages.com,1/15/2025
3,,Kelby Comello,Marcelo Bowhay,mbowhay2@ifeng.com,2/5/2025
4,Item 2,Quinn Finden,Vance O'Sharry,vosharry3@abc.net.au,6/17/2025
5,Item 1,Rebekah Peschmann,Ingrid Manthorpe,imanthorpe4@blogspot.com,5/13/2026
6,Item 2,Freda Ivakhin,Abbie Tinto,atinto5@bloomberg.com,1/25/2026
7,Item 3,Faber Royston,Alberik Derwin,aderwin6@earthlink.net,4/23/2026
8,Item 4,Fielding Weinham,Casar Levinge,clevinge7@npr.org,3/8/2025
9,Item 2,Tracy Farge,Caria Plunkett,cplunkett8@bloglines.com,2/27/2026
10,Item 1,Diena Littlefair,Glenda Rudham,grudham9@mapquest.com,4/27/2026
11,Item 3,Andonis Pirrone,Ewen Kolyagin,ekolyagina@ustream.tv,8/25/2025
12,Item 3,Nert Barbosa,Jennette Devonport,jdevonportb@eventbrite.com,12/1/2025
13,Item 5,Saunders Lambal,Leupold Brettor,lbrettorc@theguardian.com,6/3/2025
14,Item 5,Melisande Esby,Lockwood MacMenemy,lmacmenemyd@rediff.com,2/12/2025
15,Item 5,Danila Clowney,Chelsie Pycock,cpycocke@ow.ly,6/2/2026
16,Item 1,Tann Boundy,Caitlin Chaffin,cchaffinf@gnu.org,4/6/2026
17,Item 5,Erica Robbie,Bernadine Iacovini,biacovinig@illinois.edu,11/5/2025
18,Item 4,Cale Brigg,Doralin Leeder,dleederh@vk.com,1/5/2026
19,Item 4,Gabbi Ashard,Adrianne Lunnon,alunnoni@reference.com,1/3/2025
20,Item 4,Carl McNern,Gasper FitzGibbon,gfitzgibbonj@csmonitor.com,2/3/2026
21,Item 2,Harp Joyner,Geri Brittan,gbrittank@cdc.gov,12/18/2025
22,Item 2,Berkly Compfort,Egbert Guiet,eguietl@cdbaby.com,4/6/2026
23,Item 5,Arlyn Galliard,Debee Samuel,dsamuelm@pbs.org,1/9/2026
24,Item 4,Audrye Dibbe,Brocky Bohl,bbohln@wix.com,7/16/2026
25,Item 5,Danyelle Quelch,Pearle Frazer,pfrazero@gov.uk,1/10/2025
26,Item 5,Melisande Dormer,Susanne Gethin,sgethinp@nyu.edu,6/16/2025
27,,Hildegarde Gellett,Marnia Neno,mnenoq@indiegogo.com,3/21/2025
28,Item 5,,Norrie Aires,nairesr@cocolog-nifty.com,7/10/2025
29,Item 5,Shelden McKeveney,Junia Dymond,jdymonds@disqus.com,4/10/2025
30,Item 5,Raye Fudge,Elaine Mateev,emateevt@sciencedirect.com,1/26/2026
31,Item 4,,Brigg Minshaw,bminshawu@si.edu,9/2/2025
32,Item 1,,Laurens Dicke,ldickev@statcounter.com,3/6/2025
33,Item 5,Ashla Isakovitch,Jae Tallboy,jtallboyw@furl.net,5/30/2025
34,Item 5,,Lind Davall,ldavallx@bing.com,7/18/2025
35,Item 1,Connie Juanes,Lotty Gourdon,lgourdony@e-recht24.de,4/10/2025
36,Item 3,Ethan Roof,,sdundendalez@homestead.com,7/17/2025
37,Item 2,Olga Novis,Sylvester Blankau,sblankau10@cargocollective.com,10/5/2025
38,Item 3,Kellsie Yakubowicz,Catharina Remnant,cremnant11@bigcartel.com,2/19/2025
39,Item 2,Rosabella Cherry,Christabel Croizier,ccroizier12@yahoo.com,7/3/2025
40,Item 4,Keelia Blaker,Andreana Jedrysik,ajedrysik13@fc2.com,7/27/2026
41,Item 2,Geneva Marjot,Armando Besson,abesson14@si.edu,9/24/2025
42,Item 3,Horace Lemasney,Minor Dufaur,mdufaur15@woothemes.com,7/31/2025
43,Item 5,Aurie Whyler,Frannie Letertre,fletertre16@yolasite.com,9/6/2025
44,Item 2,Charissa Jeroch,Sherwood Trayton,strayton17@seesaa.net,7/7/2025
45,Item 1,Coraline McAmish,,rleyzell18@ucsd.edu,4/24/2025
46,Item 5,Rheta Sanderson,Pris Copelli,pcopelli19@edublogs.org,4/13/2025
47,Item 3,Hayden Charlwood,Charo Slany,cslany1a@washingtonpost.com,2/18/2025
48,Item 2,Lilah Barnaby,Rickert McTaggart,rmctaggart1b@desdev.cn,5/25/2026
49,Item 5,Tish Vasyaev,Christy Gate,cgate1c@mlb.com,7/25/2025
50,Item 4,Amerigo Flemming,Ashla Hedley,ahedley1d@bloglovin.com,1/2/2026
51,Item 3,Nicolette Duley,Woodrow Powlett,wpowlett1e@virginia.edu,1/14/2026
52,Item 2,Darrin McNeish,Duffy Gawn,dgawn1f@webs.com,8/17/2026
53,Item 3,Darb Brotherton,Stevena Casham,scasham1g@bbb.org,5/18/2026
54,Item 3,Francisca Hyndman,Rutledge Kleinbaum,rkleinbaum1h@walmart.com,6/4/2026
55,Item 5,Charla Khristoforov,Caroljean Damiral,cdamiral1i@blogtalkradio.com,9/2/2025
56,Item 5,Asher Fucher,Finley Laroux,flaroux1j@hp.com,5/1/2025
57,Item 5,Christalle Dallimare,Patti Ragsdall,pragsdall1k@lulu.com,6/4/2025
58,Item 1,Lorie Aggis,Hershel Richmont,hrichmont1l@mlb.com,5/12/2026
59,Item 5,Lorelei Soggee,Chaunce Sodor,csodor1m@1und1.de,4/8/2025
60,Item 2,Reinaldos Gowrie,Sibyl Patient,spatient1n@cisco.com,9/14/2026
61,Item 4,Billye Tolworth,Ganny Baskeyfied,gbaskeyfied1o@google.com.br,9/25/2025
62,Item 3,Keefer Branson,Simmonds Scurry,sscurry1p@redcross.org,9/1/2025
63,Item 3,Jamie Mole,Shoshana Fiddymont,sfiddymont1q@ebay.com,4/12/2025
64,Item 4,Mohandis Wyd,Teddy Madge,tmadge1r@usgs.gov,5/17/2025
65,Item 5,Brendin McClurg,Noreen Coope,ncoope1s@pen.io,9/11/2026
66,Item 2,,Rosana Heak,rheak1t@senate.gov,5/1/2025
67,Item 5,Melvin Bentke,Felicio De la croix,fde1u@vinaora.com,5/12/2026
68,Item 5,Rebekkah Lante,Rebecka Browne,rbrowne1v@vistaprint.com,10/7/2025
69,Item 1,Justis Osband,Gardner Folkerts,gfolkerts1w@indiatimes.com,6/22/2026
70,Item 3,Aridatha Blurton,Freemon Quartley,fquartley1x@gnu.org,2/24/2025
71,Item 4,Jethro Pontefract,Halimeda Santora,hsantora1y@senate.gov,12/24/2025
72,Item 4,Jaquelin Sargerson,Amalea Copins,acopins1z@huffingtonpost.com,5/17/2026
73,Item 2,Linda Swiggs,Lemmie Provis,lprovis20@slate.com,8/30/2026
74,Item 5,Carlynn Shields,Nap Gibbens,ngibbens21@umich.edu,3/7/2025
75,Item 1,Kevin Curtiss,Annissa Hatherley,ahatherley22@sohu.com,5/14/2025
76,Item 1,Fern Troup,Juliette Radleigh,jradleigh23@g.co,1/17/2025
77,Item 4,Deerdre MacDermott,,mcodling24@globo.com,6/10/2026
78,Item 4,Joseito Collinwood,Laina Hamelyn,lhamelyn25@ftc.gov,8/12/2026
79,Item 4,Babbie Pleming,Celestyna Redfearn,credfearn26@discuz.net,5/5/2026
80,Item 2,Renell Goschalk,Elsie Elgee,eelgee27@nbcnews.com,3/2/2026
81,Item 2,,Tymothy Vasyukov,tvasyukov28@ning.com,12/24/2025
82,Item 5,Junette Tabram,Domini Danniel,ddanniel29@ucsd.edu,2/14/2026
83,Item 1,Archy Baudinelli,Alyse Dowgill,adowgill2a@cdbaby.com,3/31/2026
84,Item 2,Michal Wharton,Titos Frissell,tfrissell2b@prweb.com,5/10/2026
85,Item 1,Isadore Suscens,Izabel Wickardt,iwickardt2c@macromedia.com,10/16/2025
86,Item 3,Cleopatra McKinie,Ashia Tebbitt,atebbitt2d@globo.com,5/6/2025
87,Item 4,Mathilda Van Dijk,Shelly Linnane,slinnane2e@ca.gov,4/9/2025
88,Item 3,Grissel Brind,Pauly Soall,psoall2f@ebay.co.uk,10/9/2025
89,Item 4,Celle Hastewell,Celesta Kun,ckun2g@booking.com,9/28/2025
90,Item 4,Wallace Mouton,Hermina MacFaul,hmacfaul2h@sbwire.com,1/24/2025
91,Item 2,Janis Flecknell,Conney Korneluk,ckorneluk2i@gravatar.com,8/28/2025
92,Item 4,Allen Minto,Beaufort Hallas,bhallas2j@europa.eu,3/21/2026
93,Item 3,,Lyndsay Meir,lmeir2k@walmart.com,3/7/2025
94,Item 3,Otho Biaggiotti,,abeetles2l@chronoengine.com,5/2/2026
95,Item 4,Vikky Witsey,Katlin Ayres,kayres2m@webs.com,1/7/2026
96,Item 3,Jody Cremer,Stevy Carluccio,scarluccio2n@istockphoto.com,8/3/2026
97,Item 3,Dewitt Pidcock,Izzy Byrde,ibyrde2o@apple.com,4/1/2025
98,Item 1,Nate Clayhill,Alisha Bazell,abazell2p@oakley.com,9/21/2025
99,,Brittani Crawshay,Kaylil Hethron,khethron2q@ted.com,10/18/2025
100,Item 2,Samaria Cockings,Stanford Pozer,spozer2r@technorati.com,4/21/2025
101,Item 4,Martin Garbar,Collin Donnell,cdonnell2s@amazon.co.uk,6/10/2025
102,Item 3,Hunt Bockmann,Rhianon Viccars,rviccars2t@blogtalkradio.com,1/26/2026
103,Item 1,Claudio Willgrass,Valera Donoher,vdonoher2u@guardian.co.uk,8/20/2025
104,,Gale Pere,,tarter2v@google.com,8/9/2025
105,Item 1,Arabel Mundford,Ingeborg Dauby,idauby2w@reference.com,7/9/2025
106,Item 2,Perrine Kleinstub,Rosemary Sweynson,rsweynson2x@networkadvertising.org,5/6/2026
107,Item 3,Dorice Tuckwood,Baxy Poad,bpoad2y@networkadvertising.org,1/26/2026
108,Item 4,Addia Pook,Doll Attwoull,dattwoull2z@technorati.com,9/12/2025
109,Item 4,,Thaddus Dearnaley,tdearnaley30@shop-pro.jp,11/6/2025
110,Item 2,Valene De Bischof,Aurel Hovard,ahovard31@tuttocitta.it,7/19/2025
111,Item 2,Carolynn Vango,Joceline Paolucci,jpaolucci32@google.es,4/15/2025
112,Item 4,Berrie Loach,Neall Van Rembrandt,nvan33@t-online.de,5/13/2025
113,Item 3,Selie Goodreid,Dmitri Ferrao,dferrao34@tinypic.com,1/8/2026
114,Item 1,Erena Attenburrow,Griffie Fessby,gfessby35@businesswire.com,4/13/2026
115,Item 3,Norina Mountney,Mikey Finnemore,mfinnemore36@photobucket.com,10/18/2025
116,Item 4,,Adela Bariball,abariball37@exblog.jp,9/25/2025
117,Item 5,Ania Lanyon,Valry Darwent,vdarwent38@a8.net,4/11/2025
118,Item 1,Land Baddam,Robinett Olensby,rolensby39@shinystat.com,7/14/2026
119,Item 3,Wynnie Gawkes,Obed Hamon,ohamon3a@weebly.com,6/28/2026
120,Item 1,Carolee Wareing,Candace Abdon,cabdon3b@smugmug.com,3/2/2026
121,Item 3,Rivalee Mulqueen,Anetta Pinniger,apinniger3c@whitehouse.gov,5/16/2026
122,Item 3,Gabrielle Tremayle,Roderich Woltman,rwoltman3d@reddit.com,10/21/2025
123,Item 5,Cordelie Woodyeare,Dulcy Perotti,dperotti3e@yahoo.com,7/24/2025
124,Item 4,Lonny Peggram,Loleta Aleksandrikin,laleksandrikin3f@cnet.com,7/17/2025
125,Item 3,Golda Anderl,Berna Petworth,bpetworth3g@census.gov,7/20/2026
126,Item 1,Polly Muggleston,Teresina Whitwood,twhitwood3h@so-net.ne.jp,2/18/2026
127,Item 4,,Vivyanne Newcom,vnewcom3i@springer.com,5/16/2025
128,Item 2,,Mayer Lucey,mlucey3j@si.edu,8/10/2026
129,Item 4,Denney Want,,fethridge3k@time.com,5/4/2026
130,Item 2,Tome Morefield,Reginauld Albro,ralbro3l@blogtalkradio.com,2/16/2025
131,Item 2,Tybi Vayne,Jacinthe Thurston,jthurston3m@parallels.com,8/2/2025
132,Item 1,Jerrie Deftie,Cathee Lammert,clammert3n@jigsy.com,1/25/2026
133,,Adams Pipes,Hestia Friman,hfriman3o@webmd.com,9/26/2026
134,Item 4,Laurence Chsteney,Emiline Bransby,ebransby3p@soundcloud.com,6/25/2026
135,Item 3,Damien Linney,Rozella Keunemann,rkeunemann3q@mit.edu,12/11/2025
136,Item 3,Drusie Brisard,Toby Durnill,tdurnill3r@ucoz.com,4/13/2025
137,,Loralee Lowdeane,Marysa Corpes,mcorpes3s@networksolutions.com,4/24/2025
138,Item 2,Alfons Broddle,Laurena Weyland,lweyland3t@techcrunch.com,6/7/2026
139,Item 5,Fanya Pedley,Isac Dibnah,idibnah3u@webmd.com,11/24/2025
140,Item 3,Cherilyn Goundry,Mikael Fessby,mfessby3v@arstechnica.com,10/25/2025
141,Item 2,Penni Cappell,Kristo Garza,kgarza3w@bing.com,3/20/2025
142,Item 4,Charlton Tinkham,Domenico Gerhardt,dgerhardt3x@pbs.org,12/17/2025
143,Item 3,Flemming McIllrick,Jess Bosket,jbosket3y@go.com,5/22/2026
144,Item 3,Micheline Brownsell,Isidoro Cristobal,icristobal3z@bbc.co.uk,8/16/2025
145,Item 1,Haley Postlewhite,Conrado Rabidge,crabidge40@live.com,1/25/2026
146,Item 3,Dulce Warrior,Prudi Cymper,pcymper41@hatena.ne.jp,6/4/2025
147,Item 4,Stevana Carlill,Dion Kener,dkener42@rediff.com,10/24/2025
148,Item 4,Kata Kurdani,Keri Maxstead,kmaxstead43@apple.com,3/16/2025
149,Item 3,Tami Stimson,Kinny Bosence,kbosence44@chicagotribune.com,1/8/2026
150,Item 3,Magdaia Drynan,Brok Danhel,bdanhel45@home.pl,11/9/2025
151,Item 3,Bee Akhurst,Gabie Waye,gwaye46@apache.org,1/22/2025
152,Item 5,,Zaccaria Ragge,zragge47@mail.ru,4/20/2025
153,Item 1,Atalanta Levecque,Nicolais O'Tierney,notierney48@hhs.gov,10/22/2025
154,Item 5,Silas Wiltshaw,Minor Spinnace,mspinnace49@amazon.com,4/7/2026
155,Item 5,Cyrille Foster-Smith,Agnese Chaundy,achaundy4a@squidoo.com,4/14/2026
156,Item 3,Allsun Cadman,Paul Firth,pfirth4b@last.fm,4/21/2026
157,Item 1,Breena Stangroom,Katuscha Rosell,krosell4c@techcrunch.com,12/31/2025
158,Item 2,Gideon Eades,Vivienne Hazelden,vhazelden4d@newsvine.com,1/30/2026
159,Item 3,Kevan Shieber,Goldia Cozzi,gcozzi4e@utexas.edu,7/8/2025
160,Item 3,Mari Baxstair,Tobie Whitton,twhitton4f@com.com,9/25/2025
161,Item 3,Corrianne Baroux,Honey Joblin,hjoblin4g@fda.gov,7/13/2026
162,Item 1,Bernhard Baszkiewicz,,mbiasotti4h@vk.com,3/21/2025
163,Item 5,Vinnie Haberfield,Pepito Bortoletti,pbortoletti4i@so-net.ne.jp,3/21/2026
164,Item 2,Marley Bourtoumieux,Lynnet Shimwall,lshimwall4j@imageshack.us,1/28/2026
165,Item 4,Bettye Ronisch,Austine Hanigan,ahanigan4k@sohu.com,2/21/2026
166,Item 2,Dominick Geistbeck,Paige Connah,pconnah4l@etsy.com,9/5/2026
167,Item 1,,Betteanne McMonies,bmcmonies4m@mashable.com,1/4/2025
168,Item 2,Pyotr Castellaccio,Rora Curness,rcurness4n@google.nl,9/27/2026
169,Item 5,Rosmunda Roskruge,,dfathers4o@goodreads.com,8/5/2026
170,Item 5,Jewell Robken,Caressa Lorriman,clorriman4p@ca.gov,7/20/2025
171,Item 4,Annnora Mix,Jude Mayoral,jmayoral4q@hhs.gov,2/1/2026
172,Item 5,Skipton Elfe,Herbert Eakens,heakens4r@usa.gov,2/7/2026
173,Item 1,Ogdon Bramer,Barbette Eeles,beeles4s@ezinearticles.com,6/12/2026
174,Item 1,Fran Peete,Bianca Mattaus,bmattaus4t@myspace.com,9/23/2026
175,Item 5,Sharl Kitchinghan,Ebenezer Ganford,eganford4u@dyndns.org,5/9/2025
176,Item 1,Phillipe Ghilardini,Bellina Gamlen,bgamlen4v@pinterest.com,4/11/2025
177,Item 2,Babette Mobberley,Corri Uridge,curidge4w@symantec.com,1/2/2026
178,Item 5,Elysia Overal,Lucias Caldwall,lcaldwall4x@wikispaces.com,1/8/2026
179,Item 1,Bayard Bagnall,Cobbie Cordel,ccordel4y@acquirethisname.com,11/13/2025
180,Item 3,Lorianne Kynder,Cletis Solman,csolman4z@sciencedirect.com,5/9/2026
181,Item 5,Munmro Koenraad,Nicky Layborn,nlayborn50@pen.io,4/19/2025
182,Item 5,Jephthah Cumber,Laura Pattie,lpattie51@google.ru,9/19/2025
183,Item 5,Titus Hierro,Manuel Stapleton,mstapleton52@1und1.de,9/26/2026
184,Item 2,Gloria Bradd,Leicester Odby,lodby53@example.com,2/4/2026
185,Item 3,Belinda Dayton,Ally Sills,asills54@shareasale.com,7/21/2026
186,Item 1,Loretta Tullett,Finlay Yarker,fyarker55@arizona.edu,1/20/2025
187,Item 3,Dugald Demeza,Viviyan O'Carney,vocarney56@hhs.gov,3/31/2026
188,Item 3,Winifred Beswell,Robinia Malins,rmalins57@soundcloud.com,3/30/2025
189,Item 2,Justina Jesper,Joella Cords,jcords58@chicagotribune.com,11/5/2025
190,Item 4,Shermy Corness,Augustin Chaikovski,achaikovski59@yahoo.co.jp,2/10/2026
191,Item 5,Nicola Basnett,Jerome Gutcher,jgutcher5a@digg.com,11/29/2025
192,Item 1,Dorisa Janczak,Roxana Dedney,rdedney5b@ftc.gov,7/22/2026
193,Item 4,Ferdinande Gaye,Philippine Gorriessen,pgorriessen5c@dell.com,9/19/2026
194,Item 4,Georgia Scamal,Berkeley Arundel,barundel5d@google.ca,3/8/2026
195,Item 1,Moe Gronaller,Jolene Barhems,jbarhems5e@instagram.com,9/2/2025
196,Item 5,Gilbertine Raecroft,Kerrie Fowles,kfowles5f@omniture.com,12/30/2025
197,Item 2,Merill Iannazzi,Annabelle Harburtson,aharburtson5g@photobucket.com,5/26/2025
198,Item 1,,Charissa Telford,ctelford5h@shop-pro.jp,1/15/2026
199,Item 1,Yettie Sherrocks,Melloney Lohrensen,mlohrensen5i@nasa.gov,2/20/2026
200,Item 3,Georgetta Izzat,Jammal Ellsbury,jellsbury5j@umn.edu,2/17/2026
